siteID,LMA
BART,59.513
HARV,81.43403436
ORNL,40.63117897
STEI,39.71044087
UNDE,31.03109235